scenario,controller,metric,label,mean,std,seeds,command
normal_day,fcfs,avg_walk_m,Avg passenger walk (m),634.6,33.93,42 43 44 45 46,"aerosync report --scenario all --out results --seeds 42,43,44,45,46"
normal_day,fcfs,avg_dep_delay_min,Avg departure delay (min),6.73,2.61,42 43 44 45 46,"aerosync report --scenario all --out results --seeds 42,43,44,45,46"
normal_day,fcfs,gate_utilisation_pct,Contact-gate utilisation (%),54.42,0.79,42 43 44 45 46,"aerosync report --scenario all --out results --seeds 42,43,44,45,46"
normal_day,fcfs,remote_ratio_pct,Remote-stand ratio (%),15.66,1.37,42 43 44 45 46,"aerosync report --scenario all --out results --seeds 42,43,44,45,46"
normal_day,fcfs,schedule_conflicts,Schedule conflicts,10.2,4.49,42 43 44 45 46,"aerosync report --scenario all --out results --seeds 42,43,44,45,46"
normal_day,fcfs,reassignments,Reassignments,0.0,0.0,42 43 44 45 46,"aerosync report --scenario all --out results --seeds 42,43,44,45,46"
normal_day,fcfs,avg_vehicle_trip_min,Avg ground-vehicle trip (min),3.11,0.1,42 43 44 45 46,"aerosync report --scenario all --out results --seeds 42,43,44,45,46"
normal_day,fcfs,compute_ms,Decision compute time (ms),88.0,70.41,42 43 44 45 46,"aerosync report --scenario all --out results --seeds 42,43,44,45,46"
normal_day,greedy,avg_walk_m,Avg passenger walk (m),429.72,30.7,42 43 44 45 46,"aerosync report --scenario all --out results --seeds 42,43,44,45,46"
normal_day,greedy,avg_dep_delay_min,Avg departure delay (min),6.0,1.36,42 43 44 45 46,"aerosync report --scenario all --out results --seeds 42,43,44,45,46"
normal_day,greedy,gate_utilisation_pct,Contact-gate utilisation (%),48.68,1.62,42 43 44 45 46,"aerosync report --scenario all --out results --seeds 42,43,44,45,46"
normal_day,greedy,remote_ratio_pct,Remote-stand ratio (%),23.8,1.03,42 43 44 45 46,"aerosync report --scenario all --out results --seeds 42,43,44,45,46"
normal_day,greedy,schedule_conflicts,Schedule conflicts,7.2,2.68,42 43 44 45 46,"aerosync report --scenario all --out results --seeds 42,43,44,45,46"
normal_day,greedy,reassignments,Reassignments,0.0,0.0,42 43 44 45 46,"aerosync report --scenario all --out results --seeds 42,43,44,45,46"
normal_day,greedy,avg_vehicle_trip_min,Avg ground-vehicle trip (min),3.11,0.05,42 43 44 45 46,"aerosync report --scenario all --out results --seeds 42,43,44,45,46"
normal_day,greedy,compute_ms,Decision compute time (ms),133.22,118.6,42 43 44 45 46,"aerosync report --scenario all --out results --seeds 42,43,44,45,46"
normal_day,aerosync,avg_walk_m,Avg passenger walk (m),318.76,18.69,42 43 44 45 46,"aerosync report --scenario all --out results --seeds 42,43,44,45,46"
normal_day,aerosync,avg_dep_delay_min,Avg departure delay (min),6.7,2.27,42 43 44 45 46,"aerosync report --scenario all --out results --seeds 42,43,44,45,46"
normal_day,aerosync,gate_utilisation_pct,Contact-gate utilisation (%),50.98,1.81,42 43 44 45 46,"aerosync report --scenario all --out results --seeds 42,43,44,45,46"
normal_day,aerosync,remote_ratio_pct,Remote-stand ratio (%),18.56,2.67,42 43 44 45 46,"aerosync report --scenario all --out results --seeds 42,43,44,45,46"
normal_day,aerosync,schedule_conflicts,Schedule conflicts,0.6,0.55,42 43 44 45 46,"aerosync report --scenario all --out results --seeds 42,43,44,45,46"
normal_day,aerosync,reassignments,Reassignments,5.8,3.27,42 43 44 45 46,"aerosync report --scenario all --out results --seeds 42,43,44,45,46"
normal_day,aerosync,avg_vehicle_trip_min,Avg ground-vehicle trip (min),2.7,0.06,42 43 44 45 46,"aerosync report --scenario all --out results --seeds 42,43,44,45,46"
normal_day,aerosync,compute_ms,Decision compute time (ms),1521.72,1212.08,42 43 44 45 46,"aerosync report --scenario all --out results --seeds 42,43,44,45,46"
rush_hour,fcfs,avg_walk_m,Avg passenger walk (m),663.26,84.32,42 43 44 45 46,"aerosync report --scenario all --out results --seeds 42,43,44,45,46"
rush_hour,fcfs,avg_dep_delay_min,Avg departure delay (min),8.56,2.69,42 43 44 45 46,"aerosync report --scenario all --out results --seeds 42,43,44,45,46"
rush_hour,fcfs,gate_utilisation_pct,Contact-gate utilisation (%),57.22,2.59,42 43 44 45 46,"aerosync report --scenario all --out results --seeds 42,43,44,45,46"
rush_hour,fcfs,remote_ratio_pct,Remote-stand ratio (%),21.3,1.79,42 43 44 45 46,"aerosync report --scenario all --out results --seeds 42,43,44,45,46"
rush_hour,fcfs,schedule_conflicts,Schedule conflicts,5.6,3.05,42 43 44 45 46,"aerosync report --scenario all --out results --seeds 42,43,44,45,46"
rush_hour,fcfs,reassignments,Reassignments,0.0,0.0,42 43 44 45 46,"aerosync report --scenario all --out results --seeds 42,43,44,45,46"
rush_hour,fcfs,avg_vehicle_trip_min,Avg ground-vehicle trip (min),3.18,0.15,42 43 44 45 46,"aerosync report --scenario all --out results --seeds 42,43,44,45,46"
rush_hour,fcfs,compute_ms,Decision compute time (ms),68.5,22.17,42 43 44 45 46,"aerosync report --scenario all --out results --seeds 42,43,44,45,46"
rush_hour,greedy,avg_walk_m,Avg passenger walk (m),512.66,28.44,42 43 44 45 46,"aerosync report --scenario all --out results --seeds 42,43,44,45,46"
rush_hour,greedy,avg_dep_delay_min,Avg departure delay (min),8.43,3.45,42 43 44 45 46,"aerosync report --scenario all --out results --seeds 42,43,44,45,46"
rush_hour,greedy,gate_utilisation_pct,Contact-gate utilisation (%),55.18,2.62,42 43 44 45 46,"aerosync report --scenario all --out results --seeds 42,43,44,45,46"
rush_hour,greedy,remote_ratio_pct,Remote-stand ratio (%),23.04,2.47,42 43 44 45 46,"aerosync report --scenario all --out results --seeds 42,43,44,45,46"
rush_hour,greedy,schedule_conflicts,Schedule conflicts,5.2,1.92,42 43 44 45 46,"aerosync report --scenario all --out results --seeds 42,43,44,45,46"
rush_hour,greedy,reassignments,Reassignments,0.0,0.0,42 43 44 45 46,"aerosync report --scenario all --out results --seeds 42,43,44,45,46"
rush_hour,greedy,avg_vehicle_trip_min,Avg ground-vehicle trip (min),3.17,0.07,42 43 44 45 46,"aerosync report --scenario all --out results --seeds 42,43,44,45,46"
rush_hour,greedy,compute_ms,Decision compute time (ms),69.32,17.24,42 43 44 45 46,"aerosync report --scenario all --out results --seeds 42,43,44,45,46"
rush_hour,aerosync,avg_walk_m,Avg passenger walk (m),352.16,22.47,42 43 44 45 46,"aerosync report --scenario all --out results --seeds 42,43,44,45,46"
rush_hour,aerosync,avg_dep_delay_min,Avg departure delay (min),9.13,4.58,42 43 44 45 46,"aerosync report --scenario all --out results --seeds 42,43,44,45,46"
rush_hour,aerosync,gate_utilisation_pct,Contact-gate utilisation (%),55.58,2.5,42 43 44 45 46,"aerosync report --scenario all --out results --seeds 42,43,44,45,46"
rush_hour,aerosync,remote_ratio_pct,Remote-stand ratio (%),20.88,1.92,42 43 44 45 46,"aerosync report --scenario all --out results --seeds 42,43,44,45,46"
rush_hour,aerosync,schedule_conflicts,Schedule conflicts,0.0,0.0,42 43 44 45 46,"aerosync report --scenario all --out results --seeds 42,43,44,45,46"
rush_hour,aerosync,reassignments,Reassignments,3.2,1.64,42 43 44 45 46,"aerosync report --scenario all --out results --seeds 42,43,44,45,46"
rush_hour,aerosync,avg_vehicle_trip_min,Avg ground-vehicle trip (min),2.85,0.1,42 43 44 45 46,"aerosync report --scenario all --out results --seeds 42,43,44,45,46"
rush_hour,aerosync,compute_ms,Decision compute time (ms),615.2,147.07,42 43 44 45 46,"aerosync report --scenario all --out results --seeds 42,43,44,45,46"
storm_disruption,fcfs,avg_walk_m,Avg passenger walk (m),671.28,63.12,42 43 44 45 46,"aerosync report --scenario all --out results --seeds 42,43,44,45,46"
storm_disruption,fcfs,avg_dep_delay_min,Avg departure delay (min),52.22,12.12,42 43 44 45 46,"aerosync report --scenario all --out results --seeds 42,43,44,45,46"
storm_disruption,fcfs,gate_utilisation_pct,Contact-gate utilisation (%),62.78,1.84,42 43 44 45 46,"aerosync report --scenario all --out results --seeds 42,43,44,45,46"
storm_disruption,fcfs,remote_ratio_pct,Remote-stand ratio (%),21.64,0.77,42 43 44 45 46,"aerosync report --scenario all --out results --seeds 42,43,44,45,46"
storm_disruption,fcfs,schedule_conflicts,Schedule conflicts,23.8,2.28,42 43 44 45 46,"aerosync report --scenario all --out results --seeds 42,43,44,45,46"
storm_disruption,fcfs,reassignments,Reassignments,2.2,0.84,42 43 44 45 46,"aerosync report --scenario all --out results --seeds 42,43,44,45,46"
storm_disruption,fcfs,avg_vehicle_trip_min,Avg ground-vehicle trip (min),4.11,0.25,42 43 44 45 46,"aerosync report --scenario all --out results --seeds 42,43,44,45,46"
storm_disruption,fcfs,compute_ms,Decision compute time (ms),293.38,41.31,42 43 44 45 46,"aerosync report --scenario all --out results --seeds 42,43,44,45,46"
storm_disruption,greedy,avg_walk_m,Avg passenger walk (m),593.4,26.4,42 43 44 45 46,"aerosync report --scenario all --out results --seeds 42,43,44,45,46"
storm_disruption,greedy,avg_dep_delay_min,Avg departure delay (min),51.91,13.96,42 43 44 45 46,"aerosync report --scenario all --out results --seeds 42,43,44,45,46"
storm_disruption,greedy,gate_utilisation_pct,Contact-gate utilisation (%),59.32,2.9,42 43 44 45 46,"aerosync report --scenario all --out results --seeds 42,43,44,45,46"
storm_disruption,greedy,remote_ratio_pct,Remote-stand ratio (%),25.28,1.53,42 43 44 45 46,"aerosync report --scenario all --out results --seeds 42,43,44,45,46"
storm_disruption,greedy,schedule_conflicts,Schedule conflicts,23.2,5.36,42 43 44 45 46,"aerosync report --scenario all --out results --seeds 42,43,44,45,46"
storm_disruption,greedy,reassignments,Reassignments,3.0,1.41,42 43 44 45 46,"aerosync report --scenario all --out results --seeds 42,43,44,45,46"
storm_disruption,greedy,avg_vehicle_trip_min,Avg ground-vehicle trip (min),4.03,0.25,42 43 44 45 46,"aerosync report --scenario all --out results --seeds 42,43,44,45,46"
storm_disruption,greedy,compute_ms,Decision compute time (ms),283.4,61.81,42 43 44 45 46,"aerosync report --scenario all --out results --seeds 42,43,44,45,46"
storm_disruption,aerosync,avg_walk_m,Avg passenger walk (m),479.16,29.57,42 43 44 45 46,"aerosync report --scenario all --out results --seeds 42,43,44,45,46"
storm_disruption,aerosync,avg_dep_delay_min,Avg departure delay (min),39.43,9.4,42 43 44 45 46,"aerosync report --scenario all --out results --seeds 42,43,44,45,46"
storm_disruption,aerosync,gate_utilisation_pct,Contact-gate utilisation (%),62.22,2.01,42 43 44 45 46,"aerosync report --scenario all --out results --seeds 42,43,44,45,46"
storm_disruption,aerosync,remote_ratio_pct,Remote-stand ratio (%),19.98,1.57,42 43 44 45 46,"aerosync report --scenario all --out results --seeds 42,43,44,45,46"
storm_disruption,aerosync,schedule_conflicts,Schedule conflicts,0.8,1.1,42 43 44 45 46,"aerosync report --scenario all --out results --seeds 42,43,44,45,46"
storm_disruption,aerosync,reassignments,Reassignments,7.8,1.92,42 43 44 45 46,"aerosync report --scenario all --out results --seeds 42,43,44,45,46"
storm_disruption,aerosync,avg_vehicle_trip_min,Avg ground-vehicle trip (min),3.36,0.09,42 43 44 45 46,"aerosync report --scenario all --out results --seeds 42,43,44,45,46"
storm_disruption,aerosync,compute_ms,Decision compute time (ms),5447.42,2300.22,42 43 44 45 46,"aerosync report --scenario all --out results --seeds 42,43,44,45,46"
gate_failure,fcfs,avg_walk_m,Avg passenger walk (m),582.18,76.1,42 43 44 45 46,"aerosync report --scenario all --out results --seeds 42,43,44,45,46"
gate_failure,fcfs,avg_dep_delay_min,Avg departure delay (min),21.5,6.65,42 43 44 45 46,"aerosync report --scenario all --out results --seeds 42,43,44,45,46"
gate_failure,fcfs,gate_utilisation_pct,Contact-gate utilisation (%),62.88,3.2,42 43 44 45 46,"aerosync report --scenario all --out results --seeds 42,43,44,45,46"
gate_failure,fcfs,remote_ratio_pct,Remote-stand ratio (%),22.96,2.1,42 43 44 45 46,"aerosync report --scenario all --out results --seeds 42,43,44,45,46"
gate_failure,fcfs,schedule_conflicts,Schedule conflicts,14.8,2.77,42 43 44 45 46,"aerosync report --scenario all --out results --seeds 42,43,44,45,46"
gate_failure,fcfs,reassignments,Reassignments,1.2,0.45,42 43 44 45 46,"aerosync report --scenario all --out results --seeds 42,43,44,45,46"
gate_failure,fcfs,avg_vehicle_trip_min,Avg ground-vehicle trip (min),3.17,0.1,42 43 44 45 46,"aerosync report --scenario all --out results --seeds 42,43,44,45,46"
gate_failure,fcfs,compute_ms,Decision compute time (ms),123.56,17.12,42 43 44 45 46,"aerosync report --scenario all --out results --seeds 42,43,44,45,46"
gate_failure,greedy,avg_walk_m,Avg passenger walk (m),502.6,42.95,42 43 44 45 46,"aerosync report --scenario all --out results --seeds 42,43,44,45,46"
gate_failure,greedy,avg_dep_delay_min,Avg departure delay (min),22.63,5.05,42 43 44 45 46,"aerosync report --scenario all --out results --seeds 42,43,44,45,46"
gate_failure,greedy,gate_utilisation_pct,Contact-gate utilisation (%),61.64,2.05,42 43 44 45 46,"aerosync report --scenario all --out results --seeds 42,43,44,45,46"
gate_failure,greedy,remote_ratio_pct,Remote-stand ratio (%),25.94,2.63,42 43 44 45 46,"aerosync report --scenario all --out results --seeds 42,43,44,45,46"
gate_failure,greedy,schedule_conflicts,Schedule conflicts,14.8,3.56,42 43 44 45 46,"aerosync report --scenario all --out results --seeds 42,43,44,45,46"
gate_failure,greedy,reassignments,Reassignments,1.0,0.0,42 43 44 45 46,"aerosync report --scenario all --out results --seeds 42,43,44,45,46"
gate_failure,greedy,avg_vehicle_trip_min,Avg ground-vehicle trip (min),3.11,0.15,42 43 44 45 46,"aerosync report --scenario all --out results --seeds 42,43,44,45,46"
gate_failure,greedy,compute_ms,Decision compute time (ms),128.84,26.44,42 43 44 45 46,"aerosync report --scenario all --out results --seeds 42,43,44,45,46"
gate_failure,aerosync,avg_walk_m,Avg passenger walk (m),395.06,15.13,42 43 44 45 46,"aerosync report --scenario all --out results --seeds 42,43,44,45,46"
gate_failure,aerosync,avg_dep_delay_min,Avg departure delay (min),15.11,3.91,42 43 44 45 46,"aerosync report --scenario all --out results --seeds 42,43,44,45,46"
gate_failure,aerosync,gate_utilisation_pct,Contact-gate utilisation (%),60.08,2.88,42 43 44 45 46,"aerosync report --scenario all --out results --seeds 42,43,44,45,46"
gate_failure,aerosync,remote_ratio_pct,Remote-stand ratio (%),22.96,2.1,42 43 44 45 46,"aerosync report --scenario all --out results --seeds 42,43,44,45,46"
gate_failure,aerosync,schedule_conflicts,Schedule conflicts,0.2,0.45,42 43 44 45 46,"aerosync report --scenario all --out results --seeds 42,43,44,45,46"
gate_failure,aerosync,reassignments,Reassignments,3.4,2.7,42 43 44 45 46,"aerosync report --scenario all --out results --seeds 42,43,44,45,46"
gate_failure,aerosync,avg_vehicle_trip_min,Avg ground-vehicle trip (min),2.77,0.17,42 43 44 45 46,"aerosync report --scenario all --out results --seeds 42,43,44,45,46"
gate_failure,aerosync,compute_ms,Decision compute time (ms),2516.32,2564.4,42 43 44 45 46,"aerosync report --scenario all --out results --seeds 42,43,44,45,46"
