scenario,controller,seed,flights,flights_completed,avg_walk_m,avg_dep_delay_min,gate_utilisation_pct,remote_ratio_pct,schedule_conflicts,reassignments,avg_vehicle_trip_min,compute_ms,avg_hold_min,on_time_pct,terminal_mismatch_pct,towing_movements,hard_violations
normal_day,fcfs,42,110,110,618.7,5.55,53.3,17.3,7,0,3.04,45.0,4.18,87.3,34.5,0,0
normal_day,greedy,42,110,110,472.4,4.82,50.4,23.6,5,0,3.09,44.3,3.36,90.9,19.1,0,0
normal_day,aerosync,42,110,110,331.1,4.64,50.8,19.1,0,2,2.65,575.4,4.27,90.0,6.4,0,0
normal_day,fcfs,43,110,110,653.4,4.82,53.9,15.5,8,0,3.03,52.8,4.45,89.1,39.1,0,0
normal_day,greedy,43,110,110,388.5,5.27,47.5,22.7,5,0,3.15,55.1,4.59,87.3,11.8,0,0
normal_day,aerosync,43,110,110,297.3,5.05,52.2,15.5,0,7,2.68,552.0,5.32,88.2,2.7,0,0
normal_day,fcfs,44,110,110,677.1,5.0,54.8,15.5,8,0,3.26,44.9,3.18,89.1,40.9,0,0
normal_day,greedy,44,110,110,416.5,4.95,47.3,25.5,6,0,3.12,46.1,3.86,88.2,15.5,0,0
normal_day,aerosync,44,110,110,305.7,5.55,47.9,22.7,1,3,2.81,797.9,5.14,88.2,4.5,0,0
normal_day,fcfs,45,110,110,636.0,7.18,54.9,16.4,10,0,3.06,87.3,6.68,83.6,35.5,0,0
normal_day,greedy,45,110,110,434.0,7.55,50.5,23.6,11,0,3.16,225.9,7.32,80.9,16.4,0,0
normal_day,aerosync,45,110,110,343.4,8.73,52.0,17.3,1,7,2.67,2714.5,8.59,84.5,7.3,0,0
normal_day,fcfs,46,110,110,587.8,11.09,55.2,13.6,18,0,3.15,210.0,11.32,74.5,31.8,0,0
normal_day,greedy,46,110,110,437.2,7.41,47.7,23.6,9,0,3.05,294.7,9.36,80.0,19.1,0,0
normal_day,aerosync,46,110,110,316.3,9.55,52.0,18.2,1,10,2.69,2968.8,10.32,81.8,5.5,0,0
rush_hour,fcfs,42,46,46,694.4,10.11,53.5,23.9,7,0,3.26,84.7,8.48,71.7,39.1,0,0
rush_hour,greedy,42,46,46,510.9,10.98,53.8,23.9,6,0,3.24,87.4,8.48,71.7,23.9,0,0
rush_hour,aerosync,42,46,46,362.0,12.5,53.5,21.7,0,5,2.76,807.4,10.65,69.6,8.7,0,0
rush_hour,fcfs,43,46,46,650.2,8.04,57.5,19.6,4,0,3.15,87.3,6.41,84.8,39.1,0,0
rush_hour,greedy,43,46,46,484.5,9.78,56.0,21.7,6,0,3.18,81.6,7.93,73.9,19.6,0,0
rush_hour,aerosync,43,46,46,370.1,13.7,58.1,19.6,0,4,3.02,519.6,9.24,63.0,8.7,0,0
rush_hour,fcfs,44,46,46,709.8,7.93,56.0,21.7,5,0,3.33,56.9,5.65,82.6,43.5,0,0
rush_hour,greedy,44,46,46,560.2,6.85,52.1,23.9,5,0,3.16,61.2,6.2,84.8,26.1,0,0
rush_hour,aerosync,44,46,46,360.3,4.67,52.4,19.6,0,2,2.82,448.7,6.74,89.1,10.9,0,0
rush_hour,fcfs,45,46,46,523.6,4.78,59.0,21.7,2,0,3.21,35.1,1.63,84.8,26.1,0,0
rush_hour,greedy,45,46,46,500.4,3.15,54.9,26.1,2,0,3.06,44.1,2.5,93.5,21.7,0,0
rush_hour,aerosync,45,46,46,313.1,3.8,57.4,23.9,0,1,2.8,578.5,1.3,91.3,4.3,0,0
rush_hour,fcfs,46,46,46,738.3,11.96,60.1,19.6,10,0,2.94,78.5,9.35,71.7,47.8,0,0
rush_hour,greedy,46,46,46,507.3,11.41,59.1,19.6,7,0,3.22,72.3,9.02,71.7,23.9,0,0
rush_hour,aerosync,46,46,46,355.3,10.98,56.5,19.6,0,4,2.84,721.8,9.67,73.9,10.9,0,0
storm_disruption,fcfs,42,72,72,669.6,46.04,63.1,22.2,24,3,4.32,282.8,31.04,25.0,40.3,1,0
storm_disruption,greedy,42,72,72,571.7,38.89,60.4,25.0,18,2,4.28,238.8,25.83,43.1,29.2,0,0
storm_disruption,aerosync,42,72,72,515.6,34.03,61.3,20.8,0,7,3.51,3394.5,22.08,44.4,25.0,0,0
storm_disruption,fcfs,43,72,72,658.9,67.43,62.8,22.2,26,1,4.33,320.8,47.5,15.3,36.1,1,0
storm_disruption,greedy,43,72,72,581.6,67.99,56.9,25.0,25,4,3.87,305.9,50.28,19.4,30.6,2,0
storm_disruption,aerosync,43,72,72,480.2,48.19,61.1,19.4,2,6,3.36,6391.9,31.04,27.8,20.8,0,0
storm_disruption,fcfs,44,72,72,696.4,50.07,61.7,22.2,24,2,3.87,264.4,31.46,30.6,41.7,0,0
storm_disruption,greedy,44,72,72,576.9,50.42,56.3,25.0,28,4,4.01,273.0,34.03,34.7,30.6,0,0
storm_disruption,aerosync,44,72,72,494.3,32.64,61.5,19.4,0,7,3.26,5940.1,16.18,41.7,23.6,0,0
storm_disruption,fcfs,45,72,72,578.9,36.74,65.6,20.8,20,2,4.21,249.2,22.64,33.3,30.6,0,0
storm_disruption,greedy,45,72,72,600.3,37.92,63.5,23.6,17,1,3.71,221.7,23.68,37.5,31.9,0,0
storm_disruption,aerosync,45,72,72,436.2,31.25,61.4,22.2,0,8,3.33,2960.2,19.1,55.6,15.3,0,0
storm_disruption,fcfs,46,72,72,752.6,60.83,60.7,20.8,25,3,3.82,349.7,41.67,19.4,51.4,1,0
storm_disruption,greedy,46,72,72,636.5,64.31,59.5,27.8,28,4,4.27,377.6,46.04,16.7,36.1,2,0
storm_disruption,aerosync,46,72,72,469.5,51.04,65.8,18.1,2,11,3.36,8550.4,31.39,25.0,20.8,0,0
gate_failure,fcfs,42,54,54,656.3,19.26,62.2,22.2,18,1,3.32,147.4,21.76,55.6,38.9,0,0
gate_failure,greedy,42,54,54,574.6,25.37,59.6,27.8,18,1,3.04,139.3,27.78,53.7,29.6,1,0
gate_failure,aerosync,42,54,54,380.2,12.96,59.3,20.4,0,2,2.67,1398.8,18.06,66.7,13.0,0,0
gate_failure,fcfs,43,54,54,508.3,21.76,60.2,25.9,13,1,3.14,121.5,25.19,59.3,25.9,0,0
gate_failure,greedy,43,54,54,463.5,22.87,60.6,27.8,12,1,3.23,148.8,25.65,50.0,20.4,0,0
gate_failure,aerosync,43,54,54,394.7,20.37,56.9,25.9,1,3,3.03,1695.2,25.46,64.8,11.1,0,0
gate_failure,fcfs,44,54,54,582.6,32.13,65.2,20.4,16,1,3.15,131.1,32.31,57.4,33.3,0,0
gate_failure,greedy,44,54,54,477.5,29.35,63.2,22.2,14,1,2.88,149.0,30.37,51.9,24.1,0,0
gate_failure,aerosync,44,54,54,420.4,17.96,59.7,22.2,0,8,2.7,7087.4,23.15,63.0,14.8,0,0
gate_failure,fcfs,45,54,54,503.7,13.89,67.1,24.1,11,1,3.18,101.4,16.48,72.2,24.1,1,0
gate_failure,greedy,45,54,54,500.4,16.76,64.4,27.8,11,1,3.26,86.2,19.07,70.4,22.2,1,0
gate_failure,aerosync,45,54,54,391.0,10.93,64.8,22.2,0,1,2.86,1304.8,15.37,68.5,11.1,0,0
gate_failure,fcfs,46,54,54,660.0,20.46,59.7,22.2,16,2,3.05,116.4,22.41,63.0,42.6,1,0
gate_failure,greedy,46,54,54,497.0,18.8,60.4,24.1,19,1,3.13,120.9,21.02,64.8,24.1,0,0
gate_failure,aerosync,46,54,54,389.0,13.33,59.7,24.1,0,3,2.6,1095.4,17.59,70.4,11.1,0,0
