scenario,controller,flights_mean,flights_std,flights_completed_mean,flights_completed_std,avg_walk_m_mean,avg_walk_m_std,avg_dep_delay_min_mean,avg_dep_delay_min_std,gate_utilisation_pct_mean,gate_utilisation_pct_std,remote_ratio_pct_mean,remote_ratio_pct_std,schedule_conflicts_mean,schedule_conflicts_std,reassignments_mean,reassignments_std,avg_vehicle_trip_min_mean,avg_vehicle_trip_min_std,compute_ms_mean,compute_ms_std,avg_hold_min_mean,avg_hold_min_std,on_time_pct_mean,on_time_pct_std,terminal_mismatch_pct_mean,terminal_mismatch_pct_std,towing_movements_mean,towing_movements_std,hard_violations_mean,hard_violations_std
normal_day,fcfs,110.0,0.0,110.0,0.0,634.6,33.93,6.73,2.61,54.42,0.79,15.66,1.37,10.2,4.49,0.0,0.0,3.11,0.1,88.0,70.41,5.96,3.26,84.72,6.14,36.36,3.64,0.0,0.0,0.0,0.0
normal_day,greedy,110.0,0.0,110.0,0.0,429.72,30.7,6.0,1.36,48.68,1.62,23.8,1.03,7.2,2.68,0.0,0.0,3.11,0.05,133.22,118.6,5.7,2.56,85.46,4.77,16.38,3.02,0.0,0.0,0.0,0.0
normal_day,aerosync,110.0,0.0,110.0,0.0,318.76,18.69,6.7,2.27,50.98,1.81,18.56,2.67,0.6,0.55,5.8,3.27,2.7,0.06,1521.72,1212.08,6.73,2.59,86.54,3.32,5.28,1.78,0.0,0.0,0.0,0.0
rush_hour,fcfs,46.0,0.0,46.0,0.0,663.26,84.32,8.56,2.69,57.22,2.59,21.3,1.79,5.6,3.05,0.0,0.0,3.18,0.15,68.5,22.17,6.3,3.01,79.12,6.83,39.12,8.12,0.0,0.0,0.0,0.0
rush_hour,greedy,46.0,0.0,46.0,0.0,512.66,28.44,8.43,3.45,55.18,2.62,23.04,2.47,5.2,1.92,0.0,0.0,3.17,0.07,69.32,17.24,6.83,2.64,79.12,9.7,23.04,2.47,0.0,0.0,0.0,0.0
rush_hour,aerosync,46.0,0.0,46.0,0.0,352.16,22.47,9.13,4.58,55.58,2.5,20.88,1.92,0.0,0.0,3.2,1.64,2.85,0.1,615.2,147.07,7.52,3.76,77.38,12.35,8.7,2.69,0.0,0.0,0.0,0.0
storm_disruption,fcfs,72.0,0.0,72.0,0.0,671.28,63.12,52.22,12.12,62.78,1.84,21.64,0.77,23.8,2.28,2.2,0.84,4.11,0.25,293.38,41.31,34.86,9.77,24.72,7.51,40.02,7.69,0.6,0.55,0.0,0.0
storm_disruption,greedy,72.0,0.0,72.0,0.0,593.4,26.4,51.91,13.96,59.32,2.9,25.28,1.53,23.2,5.36,3.0,1.41,4.03,0.25,283.4,61.81,35.97,11.87,30.28,11.61,31.68,2.65,0.8,1.1,0.0,0.0
storm_disruption,aerosync,72.0,0.0,72.0,0.0,479.16,29.57,39.43,9.4,62.22,2.01,19.98,1.57,0.8,1.1,7.8,1.92,3.36,0.09,5447.42,2300.22,23.96,6.95,38.9,12.58,21.1,3.72,0.0,0.0,0.0,0.0
gate_failure,fcfs,54.0,0.0,54.0,0.0,582.18,76.1,21.5,6.65,62.88,3.2,22.96,2.1,14.8,2.77,1.2,0.45,3.17,0.1,123.56,17.12,23.63,5.79,61.5,6.58,32.96,8.01,0.4,0.55,0.0,0.0
gate_failure,greedy,54.0,0.0,54.0,0.0,502.6,42.95,22.63,5.05,61.64,2.05,25.94,2.63,14.8,3.56,1.0,0.0,3.11,0.15,128.84,26.44,24.78,4.68,58.16,8.94,24.08,3.45,0.4,0.55,0.0,0.0
gate_failure,aerosync,54.0,0.0,54.0,0.0,395.06,15.13,15.11,3.91,60.08,2.88,22.96,2.1,0.2,0.45,3.4,2.7,2.77,0.17,2516.32,2564.4,19.93,4.2,66.68,2.93,12.22,1.66,0.0,0.0,0.0,0.0
